kor,eng
그 가게는 열 시에 문을 연다.,The store opens at 10 A.M.
맘에 들어? 가격은 어때?,Do you like it? What's the price?
우리 집은 학교에서 가깝다.,My house is near my school.
나는 가끔 맥주를 마신다.,I sometimes drink beer.
가능하다면 내일 오세요.,"Come tomorrow, if possible."
아버지는 아침 일찍 서울로 가셨다.,My father went to Seoul early in the morning.
나는 그녀에게 운전을 가르쳤다.,I taught her how to drive.
가방 속은 봤어?,Have you looked inside your bag?
기름은 물보다 가볍다.,Oil is lighter than water.
내가 제일 좋아하는 가수는 조용필이다.,My favorite singer is Yongpil Jo.
어젯밤부터 가슴이 아파요.,My chest was hurting since last night.
거기 가운데 앉아라.,"Sit there, in the middle."
가을에는 책을 읽기 좋다.,It is good to read books in the fall.
스키를 가장 좋아해요.,I like skiing the most.
요즘은 거의 모든 가정에 인터넷이 연결되어 있어요. ,Almost every home is hooked up to the internet now.
수건 가져왔니?,Did you bring towels?
가족 모두가 감기에 걸렸다.,The whole family has caught a cold.
그 가게는 여러 가지 물건을 팔아.,They sell various kinds of things at the shop.
그녀는 아름다운 목소리를 가지고 있다.,She has a beautiful voice.
나머지 세 강의는 각각 한 시간씩이야. ,The other three classes are one hour each.
나는 어렸을 때는 간호사가 되고 싶었어.,I wanted to be a nurse when I was younger.
갈비 좋아하세요?,Do you like ribs?
감기에 걸린 것 같아요.,I think I have a cold.
감사합니다.,Thank you.
그 사람을 보니까 이상한 감정이 들더라고.,I got a strange feeling when I saw him.
갑자기 날씨가 추워지고 있어.,It's getting cold suddenly.
올해 채소 값이 올랐다.,The price of vegetables rose this year.
한강은 한국에서 가장 큰 강이다.,The Han river is the biggest river in Korea.
선생님은 결과보다 과정을 강조하셨어.,My teacher emphasized process over results.
우와!? 저 선수는 서브가 아주 강한데!,Wow! she has a very strong serve.
우리는 어렸을 때 같은 학교에 다녔다.,We went to the same school as children.
같이 합시다.,Let's do it together.
개를 기르고 싶어요.,I'd like to raise a dog.
이 사탕은 한 개에 100(백)원이다.,These candies cost a hundred won a piece.
혜안과 나는 결혼한 지 3개월 되었다.,Hyean and I have been married for three months.
거기에서 보자.,See you there.
이 거리에는 차가 많다.,There are many cars in this street.
거울을 보세요.,Look at yourself in the mirror.
거의 끝나갑니다. ,It's almost finished.
거짓말이 아니에요.,I'm not telling a lie.
오늘 걱정이 있어 보여요.,You look worried today.
술은 건강에 해롭다.,Alcohol is bad for your health.
이 건물 뒤에 있습니다. ,It is at the back of this building.
왜 그렇게 빨리 걷는 거야? ,Why are you walking so fast?
옷을 옷걸이에 걸어라.,Hang clothes on a hanger.
벽에 그림이 걸려 있다.,A picture is hanging on the wall.
걸어갈래요? 아니면 차로 갈래요? ,Would you like to go on foot or by car?
우리가 얼마나 걸어온 거죠? ,How far have we come on foot?
한 남자가 검은색 가방을 들고 있었다.,A man was carrying a black bag.
같은 색으로 다른 것 좀 보여주세요.,Show me another one in the same color.
컴퓨터 게임 좋아하세요? ,Do you like computer games?
한국의 겨울은 아주 추워요.,Winter in Korea sure is cold. 
옆집 사는 부부 결국 이혼했어요.,The married couple next door finally got divorced.
아직 결정하지 못했어요.,I haven't decided yet.
나랑 결혼해 줄래?,Will you marry me?
그 남자 결혼식은 어디에서 하죠?,Where is he going to have the wedding ceremony?
그 축구 경기는 무승부로 끝났어.,The soccer game ended in a tie.
"어떤 경우에, 저는 성급하게 결론을 내립니다.","In some cases, I tend to jump to conclusions."
경찰에 전화는 했어?,Did you call the police?
경치가 정말 아름다워요.,The scenery is really beautiful.
좋은 경험이 될 거야. ,It would be a good experience.
냉장고에 계란이 몇 개 있어요? ,How many eggs are there in the refrigerator?
계속 코피가 나요.,My nose bleeds continuously.
안녕히 계세요.,Goodbye.
어떤 계절을 제일 좋아하세요?,What season do you like best?
특별한 계획 있으세요?,Any special plans?
고기 먹으러 가자.,Let's go have some meat.
나는 고등학교 때 제2외국어로 일본어를 배웠다.,I learned Japanese as a second foreign language in high school.
나는 내년에 고등학생이 된다.,I'll be in high school next year.
고마워요.,Thank you.
내 생각에는 고양이인 것 같아.,I think it is the cat.
나는 고통을 참을 수 없었다.,I couldn’t endure the pain.
나도 정말 배가 고파.,"I'm really hungry, too."
많은 한국인들이 추석에 고향으로 간다.,Many Koreans return to their hometown during Chusok.
곧 갈게요.,I'll be there soon.
이 도시는 살기 좋은 곳이다.,This city is a good place to live.
"미안, 내가 공을 너무 세게 던졌어.","Sorry, I threw the ball too hard."
"와, 공부할 게 많네요.",Wow! There's a lot to study.
그 공원은 얼마나 커요?,How big is the park?
나는 구두 공장에서 일했어.,I worked in a shoe factory.
요즘은 공중전화를 보기가 힘들어.,"These days, it is hard to find a pay phone."
공책 좀 빌려줄래?,Can I borrow your notebook?
인천 공항까지 좀 태워주실래요?,Can you give me a ride to Incheon airport?
3월1일은 한국에서 공휴일이다.,March 1 is a national holiday in Korea.
오늘 몇 과 할 차례지? ,What lesson are we on today?
토마토는 과일입니까? 아니면 채소입니까?,Is the tomato a fruit or a vegetable?
과자 내 거 좀 남겨둬.,Leave some cookies for me.
우리 관계도 이제 끝이야. ,Our relationship is over.
괜찮아요.,I'm OK.
영어 교과서 10페이지를 펴세요.,Open your English textbook to page 10.
나는 역사 교수가 되고 싶어.,I want to be a history professor.
"이런, 지갑을 교실에 두고 왔어.","Oops, I left my wallet in the classroom."
대중교통을 이용하는 게 좋을 거야.,It is better to use public transportation.
매주 일요일 아침에 교회에 갑니다.,I go to church every Sunday morning.
그 사람은 가게를 구경만 하고 있었다.,The man was looking around the shop.
구두 닦아주세요.,Please shine my shoes.
하늘에 구름 한 점 없다.,There are no clouds in the sky.
한국에는 군인이 몇 명이나 있습니까?,How many soldiers are there in Korea?
책은 몇 권이나 내셨어요? ,How many books have you published?
왜 귀를 막는 거야?,Why are you plugging your ears?
너는 웃을 때가 귀여워.,You're cute when you smile.
그 책 이리 줘봐.,Give me that book.
그가 올까?,Will he come?
그것 재미있겠다.,It sounds fun.
그곳 날씨는 어때요? ,How's the weather over there?
그날 밤 너는 뭘 하고 있었어?,What were you doing that night?
그냥 친구 사이에요. ,We're just friends.
그대로 내버려둬라.,Leave it as it is.
오랜만이네! 그동안 어떻게 지냈어? ,Long time no see! How have you been?
그때 이후로 그녀를 본 적이 없다. ,I have not seen her since then.
"같이 갈래? - 어, 그래.","Why not come along? - Oh, OK."
그 여자애는 키가 작아. 그래도 나보다는 커.,"She is short, but still taller than me."
그래서 넌 그때 뭐라고 했니? ,So what did you say at that time?
나 늦을 거야. 그러니까 기다리지 말고 자.,I'll be back late. So don't wait up for me.
그러면 우리 금요일에 가요. ,"Well then, let's go there on Friday."
그런 건 아무도 못 해.,Nobody can do such a thing.
그런데 넌 뭐 하러 온 거야?,"By the way, what brings you here?"
그럼 거기서 보자.,Then I'll see you there.
그렇습니다.,"Yes, it is."
그렇지만 당신한테 잘 어울려요. ,"It looks really good on you, though."
6명씩 그룹으로 하세요.,Work in groups of six.
한 그릇에 5천 원입니다.,"This costs 5,000 won per bowl."
"우유, 버터 그리고 잼이 필요해.","We need milk, butter and jam."
이거 어떻게 그렸어?,How did you draw this?
엄마가 나한테 그림책을 사 주셨어.,My mom bought me a picture book.
그만 울어라.,Stop crying.
그분이 너를 아니?,Does he know you?
그쪽으로 가는 버스가 있나요?,Is there a bus going that way?
극장 가고 싶어.,I want to go to the movie theater.
이 근처에 사니?,Do you live in this neighborhood?
말하고 글 중에 어느 것이 더 중요한가요?,Which one is more important between speaking and writing?
이 기계 고장 난 것 같아.,This machine seems to be broken.
여기서 기다릴게.,I'll wait here.
우리 엄마는 혼자서 두 아이를 길렀다.,My mom raised two children by herself.
건강한 생활의 기본은 무엇인가요?,What is the basics of a healthy life?
그럴 기분이 아니야.,I'm not in the mood.
기숙사 생활은 어때?,How's life in your dormitory?
그것은 내게 고통스러운 기억이다.,It's a painful memory for me.
방금 기차를 놓쳤어.,I just missed train.
한 번 더 기회를 주세요.,"Give me another chance, please."
길 건너자.,Let's cross the street.
겨울에는 낮보다 밤이 길다.,"In the winter, night is longer than day."
그는 치즈 김밥을 주문했다.,He ordered cheese gimbap.
난 다른 무엇보다 김치가 좋아.,I love Kimchi more than anything else.
물이 이렇게 깊은 줄 몰랐어요.,I didn't know that the water was so deep.
사과 좀 깎아 줘.,Please peel me an apple.
이 방이 깨끗하다고 생각해?,Do you think this room is clean?
나는 지갑에서 돈을 꺼내는 척했어.,I pretended to take out some money from my purse.
꼭 갈게.,I'll be there for sure.
한 시간 뒤에 꽃에 물을 줘라.,Water the flowers in an hour.
어젯밤 피자 먹는 꿈을 꾸었다.,I had a dream about eating pizza last night.
불 껐니?,Did you put out the fire? (or Did you switch off the light?)
그 건물은 이 길의 끝에 있습니다.,The building is at the end of this street.
방학이 내일 끝나.,School vacation ends tomorrow.
오늘 안으로 일을 다 끝내야 해.,We have to finish all the work today.
누구세요? - 나예요.,Who's there? - It's me.
점심 먹으러 나가자.,Let's go out for lunch.
그는 맨손으로 사과를 둘로 나누었다.,He split the apple into two with his bare hands.
앞에 사고가 난 것 같아요.,I guess an accident has happened up ahead.
어느 나라에 가고 싶어?,which country do you want to visit?
그 사람 나무 아래에 앉아 있어.,He is sitting under the tree.
그거 어때? - 나쁘지 않네.,How's that? - Not bad.
방에서 나오지 마.,Don't come out of your room.
그 여자 나이보다 어려 보여요.,She looks younger than her age.
나중에 보자.,See you later.
이전 여자친구가 어젯밤 꿈에 나타났다.,My ex-girlfriend appeared in my dream last night.
그녀의 눈이 진짜 마음을 나타내고 있었다.,Her eyes expressed her true feelings.
내일은 특별한 날이야.,Tomorrow is a special day. 
높이 나는 새가 멀리 본다.,"The highter a bird flies, the farther it can see."
날씨 어때?,How is the weather? 
오늘 날짜가 어떻게 되죠?,What's the date today? 
메시지 남겨 주세요.,Leave a message.
남녀관계는 아무도 모른다.,No one can know the relationship between a man and a woman.
먹을 게 하나도 안 남았어.,There's no food left over.
얘가 내 남동생이야.,This is my younger brother.
일반적으로 여성이 남성에 비해 오래 산다.,"Generally speaking, a woman will live longer than a man."
그녀는 가정적인 남자를 찾고 있다.,She is looking for a family man.
어느 쪽이 남쪽입니까?,Which way is south?
혜안은 완벽한 남편을 원한다.,Hyean wants a perfect husband.
교실에는 남학생이 거의 없었어.,There were few male students in the class.
박쥐들은 낮에 잠을 잔다.,Bats sleep during the day.
니 점수는 너무 낮아.,Your grades are too low.
아내가 어젯밤 아들을 낳았어.,My wife gave birth to a son last night.
나 내년에 결혼할 거야.,I'm going to get married next year.
답안지를 내세요.,Hand in your answer sheet.
조심해서 계단을 내려가라.,Go down the stairs carefully.
산은 내려오는 것이 더 어렵다.,It is more difficult to come down the mountain.
어제 눈 내리는 거 봤어?,Did you see the snow fall yesterday?
내일은 월요일이야.,Tomorrow is Monday. 
이게 무슨 냄새죠?,What is this smell?
저 식당은 냉면으로 유명해.,That restaurant is famous for naengmyeon.
김치냉장고가 필요해.,I need a refrigerator for kimchi.
항상 너와 함께 있을게.,I'll always be with you.
그 옷은 나한테 너무 작아.,The dress is too small for me.
그녀는 넓은 집에서 살고 싶어한다.,She wants to live in a large house.
주머니에 손을 넣지 마라.,Don’t  put  your hand in your pocket.
어제 학교 갔었니? - 네.,Did you go to school yesterday? - Yes.
다른 넥타이를 매는 게 어때?,How about wearing another necktie?
나는 일 년에 두 번 해외에 간다.,I go abroad twice a year.
이 노란색 모자는 너와 잘 어울린다.,This yellow hat suits you well.
우리는 밤새 춤추고 노래했다.,We sang and danced  all night long.
사람들 앞에서 웃으려고 노력했다.,I made an effort to smile in front of others.
이 강의에서는 노트에 적어도 됩니다.,You can take notes in this lecture.
놀이터에서 놀자!,Let's play at the playground.
나는 그녀의 갑작스러운 죽음에 놀랐다.,I was surprised by her sudden death.
한국의 전통적인 놀이에는 뭐가 있나요? ,What traditional Korean games are there?
농담하지 마세요!,No kidding!
이 빌딩 정말 높네!,This building is really high!
이 상자 어디에 놓을까요?,Where do I put this box?
누구세요?,Who are you?
누나는 엄마랑 닮았다.,My older sister looks like my mom.
길에서 그 사람과 내 눈이 마주쳤어.,His eyes met mine on the street.
눈이 녹아서 길이 굉장히 미끄러워졌어.,"As the snow melted, the roads became very slippery."
선생님은 학생들이 떠나자 기쁨의 눈물을 흘리셨다.,The teacher cried tears of joy after the students left.
그 사람은 침대에 누워 책을 읽고 있었다.,He was lying on the bed reading a book.
대단한 뉴스라는 게 뭐야?,What's the big news?
나는 갑자기 가슴에 심한 통증을 느꼈다.,I suddenly felt a sharp pain in my chest.
한국은 늘 덥나요?,Is it always hot in Korea?
나 이 스웨터 다시는 안 입을 거야. 늘어났어.,I won't wear this sweater again. It has stretched.
특별한 능력이 있는 사람만이 이 일을 할 수 있다.,Only one with special abilities can do this work.
서둘러. 우리 늦겠다.,Hurry up. We are going to be late.
모두 다 왔을 때 파티는 거의 다 끝나 있었다.,The party was almost finished when we all arrived.
일본을 하루 만에 다녀올 수 있나요?,Is it possible to go to Japan and get back in a day?
어렸을 때는 목욕탕에 잘 다녔다.,"When I was young, I used to go to a public bath."
"그들은 쌍둥이지만, 성격은 완전히 다르다.","Although they are twins, their personalities are totally different."
다리를 꼬고 저기에 앉아 있는 사람이 누구예요?,Who is the girl sitting with her legs crossed over there?
다리를 건너자.,Let's cross the bridge.
절대로 다시 그 일을 하지 않을 거야.,I'll never do that again.
그들은 다양한 서비스를 제공한다.,They offer various services.
다음 비행기는 언제 있어요?,When is the next flight?
어쩌다 다치셨어요?,How did you get hurt?
그 선수는 수건으로 얼굴의 땀을 닦았다.,The player wiped the sweat off his face with a towel.
저는 심지어 이 기본적인 단어들도 몰라요.,I don't even know these basic words.
창문 좀 닫아라.,Close the window.
이번 달에는 언제 보름달을 볼 수 있어요?,When can we see a full moon this month?
이 케이크는 맛이 달다.,This cake tastes sweet.
세상이 지난 10년 동안 아주 많이 달라졌다.,The world has changed a lot during the last ten years.
한 달에 500달러요.,Five hundred dollars a month.
엄마 생일을 달력에 표시해 두세요.,Mark your mother's birthday on the calendar.
닭이 먼저예요? 달걀이 먼저예요?,"Which came first, the chicken or the egg?"
인터넷으로 닭고기 스프 요리법 좀 찾아봐.,Please look up a recipe for chicken soup on the internet.
이 물건들을 가방에 담아.,Put this item in a bag.
하루에 담배를 얼마나 피우세요?,How many cigarettes do you smoke a day?
"나한테 묻지 마, 그냥 대답해.","Don't ask me, just answer."
그 기사의 대부분은 거짓이야.,Most of the article is false.
미국 사람들은 젓가락 대신 포크를 사용한다.,Americans use forks instead of chopsticks.
예전 대통령들 중에서 제일 좋아하는 사람은 누구야?,Who was your favorite past president?
어느 대학 가고 싶어?,Which university do you want to go to?
내 여자 친구는 나보다 네 살 어린 대학생이야.,My girlfriend is an undergraduate who is four years younger than me.
"오랜 대화 끝에, 그들은 헤어지기로 결정했다.","After a long talk, they decided to break up."
여기가 우리 선생님 댁이야.,This is my teacher's house.
더 할 말 있으세요?,Do you have anything more to say?
그는 할 수 있는 한 멀리 공을 던졌다.,He threw the ball as far as he could.
한국은 여름에 굉장히 더워요.,Korea is very hot in the summer.
책을 도서관에 반납하세요.,You should return those books to the library.
나는 도시에서 운전하는 걸 좋아하지 않는다.,I don't like driving in the city.
도움이 필요해요.,I need your help.
기차가 곧 도착할 거야.,The train will be arriving shortly.
돈 주세요.,Give me the money.
코너에서 오른쪽으로 도세요.,Turn right at the corner.
아이들이 팽이를 돌리면서 놀고 있다.,Children are playing by spinning a top.
"길을 잃어서, 우리는 왔던 길로 돌아가야 했다.","Because we were lost, we had to go back the way we came."
아빠는 언제 돌아와?,When is Dad coming back?
도와주세요!,Please help me!
낯선 사람이 우리 동네를 돌아다니고 있었다.,A stranger was wandering through our village.
그는 우연히 알려지지 않은 동물을 발견했다.,He accidently found an unknown animal.
나는 동생과 사이가 안 좋아요.,I am not on good terms with my younger brother(sister).
내가 없는 동안 잘 지내.,Take care while I'm gone.
우리 집의 창문은 동쪽으로 향해 있다.,The window of our house faces east.
한국 사람들은 돼지꿈이 행운이 있다고 믿어요.,Koreans believe that dreams about pigs are the luckiest.
포도주는 소고기나 돼지고기와 잘 어울립니다.,Wine goes best with beef or pork.
부모님은 내가 의사가 되길 바라셨죠.,My parents wanted me to become a doctor.
책상 위에 두세요.,Put it on the desk.
뒤에서는 그가 누구인지 알 수 없었다.,From the back I couldn't tell who he was.
부모님께 용돈은 드리세요?,Do you give pocket money to your parents?
내 말 좀 들어 봐.,"Please, listen to me."
그 일을 마치는 데 시간이 많이 들었어요.,It took me a lot of time to finish the work.
손 들어!,Raise your hand!
"이상하게 들릴지도 모르지만, 내가 한 말은 사실입니다.","Strange as it may sound, what I said was true."
들어가지 마시오!,Do not enter!
안으로 들어오세요.,Please come in. 
아기를 등에 업어라.,Carry the baby on your back.
어제는 등산하기에 좋은 날씨였다.,Yesterday's weather was good for climbing.
오늘 날씨 따뜻하네요.,It is warm today.
남편은 딸을 갖고 싶어해요.,My husband wants to have a daughter.
이 치약은 딸기 맛이 난다.,This toothpaste is strawberry-flavored.
이 땅 누구 거야?,Who does this land belong to?
그녀는 그를 처음 만났을 때부터 그를 좋아했다고 말했다.,She said she liked him the first time she met him.
다 너 때문이야.,It's all because of you.
언제 떠나?,When are you leaving?
좋은 생각이 떠올랐다.,A good idea occurred to me.
이 떡 먹어봤니? 맛있어.,Have you ever tried this rice cake? It's delicious.
학교에 또 늦은 거야?,Were you late for school again?
나는 그와 똑같은 mp3 플레이어를 샀다.,I bought the same MP3 player as his.
똑바로 서서 똑바로 말해 봐.,Stand straight and speak clearly.
운동장에서 뛰고 있는 저 여자 애 말이야?,You mean the girl running on the playground?
뜨거운 물 좀 주세요.,Please give me some hot water.
이 단어 뜻 알아?,Do you know this word's meaning?
라디오를 켜라.,Turn the radio on.
라면 한 그릇 어때?,How about a bowl of ramen?
내년에 발레 배우러 러시아에 갈 거야.,I am going to Russia to learn ballet next year.
고기 몇 마리 잡았어?,How many fishes did you catch?
마실 것 좀 드릴까요?,Can I get you something to drink?
바다에 도착하면 마음이 바뀔지도 몰라.,You may change your mind when you get to the sea.
이번 달 마지막 날이야.,It's the last day of this month.
이 일을 마치는 데 3일이 걸릴 거야.,It will take three days to finish this work.
길을 막고 거기 서 있지 마라.,Don't stand there blocking the gateway.
언제 만날까?,When would you like to meet?
나는 밸런타인데이 선물을 직접 만들려고 생각 중이야.,I am thinking about making a Valentine's day present myself.
우리는 공통점이 많다.,We have much in common.
운동 많이 하세요?,Do you work out a lot?
에쿠우스는 라틴어로 말이라는 뜻이다.,Equus means horse in Latin.
그렇게 말하지 마.,Don't say that.
걱정 말고 좀 쉬어.,Stop worrying and take a break.
진작 말씀하시지 그러셨어요.,You should have said it earlier.
물과 공기가 맑은 곳이 살기 좋다.,It is good to live where the water and air are clear.
맛이 어때?,How's the taste?
라면을 너무 오래 두면 맛없어.,"If you let the ramen sit for too long, it tastes bad."
정말 맛있네요!,How delicious!
3번이 맞다.,The correct answer is number 3.
한국 시간에 시계 맞췄어?,Did you adjust the clock to Korean time?
나는 두 문제 맞혔어.,I guessed two questions correctly.
내가 이 일을 맡을게.,I'll take care of this job.
매우 추워요.,It's very cold.
나는 매일 아침을 먹는다.,I have breakfast everyday.
저는 맥주 마실래요.,I'll have a beer.
맵고 짠 음식은 몸에 좋지 않아요.,Spicy and salty foods are not good for the body.
머리를 부딪친 후로 머리가 자꾸 빠져요.,My hair has been falling out since I got hit on the head.
더 이상 못 먹겠어.,I can't eat anymore.
먼저 가.,Go first.
여기서 멀지 않아.,It's not far from here.
괜찮아. 그 사람 멀리 있어서 내 말 못 들을 거야.,No problem. She can't hear me because she's far away.
여기 메뉴가 있습니다.,Here's the menu.
"그 사람 며칠에 떠났는지 아세요? - 글쎄요, 며칠 전인 것 같은데요.","Do you know when he left here? - Well, I think a few days ago."
여자가 두 명 있어요.,There are two girls there.
몇 가지 질문이 있는데요. 몇 살이세요? 형제는 몇이세요?,I have several questions. How old are you? How many brothers do you have?
이 시간이 모두 함께 모일 수 있는 좋은 기회야.,This time is a good chance to get all together.
모든 직원들이 다 알아요.,Every employee knows about it.
그 사람이 나를 모르는 게 분명했다.,It was clear that he did not know me.
그의 모습은 어둠 속으로 사라졌다.,His figure disappeared into the darkness.
이 물건들은 모양이 다르다.,These products are different in shape.
언제부터 동전을 모았어요?,How long have you collected coins?
아이들이 놀이터에 모였다.,The children gathered on the playground.
그 모임 참석할 거야?,Will you attend the meeting?
모자를 쓰고 있나요?,Is she wearing a cap?
그 사람은 교통사고를 당해서 목에 깁스를 했다.,He was involved in a car accident and now his neck is in a cast.
나는 그녀의 아름다운 목소리를 잊을 수 없다.,I can’t forget her beautiful voice.
우리 아이들은 목욕하는 걸 좋아해.,My kids like taking a bath.
방문 목적이 무엇입니까?,What is the purpose of your visit?
"몸은 여기 있어도, 마음은 다른 곳에 있구나.","Though present in body, your mind is elsewhere."
"혜안은 요즘 밥도 못 먹고, 잠도 못 자.",Hyean can not eat or sleep these days.
나는 노래를 잘 못해요.,I am poor at singing.
이 가방 정말 무겁다.,This bag is so heavy.
무서운 영화 봤어요? 하나도 안 무서웠어요.,"Have you seen Scary Movie""? I was not scared at all.""""ave you seen ""Scary Movie""? I was not """"ve you seen ""Scary Movie""""e you seen """
무슨 일을 하세요?,What kind of work do you do?
저게 뭐지?,What is that?
문 잠그세요.,Lock the door.
어려운 문제는 빼고 다른 것들 먼저 풀어라.,Skip the difficult question and solve the others first.
여기에 처음 왔을 때 나는 이곳 문화에 익숙하지 않았다.,I was not familiar with the culture here in the first time I came here.
길을 묻는 것은 나에겐 너무 어려운 일이다.,Asking for directions is hard for me to do.
차가 지나가면서 물을 튀겼다.,A car drove by and splashed water on me.
사용한 후에 물건들을 돌려줘.,Give the stuff back after using it.
"시간 안에 갚을게, 물론, 현금으로.","I'll pay you back in time, of course, it'll be in cash."
뭐 하나 물어봐도 돼?,Can I ask you a question?
그녀는 미국에서 아이를 낳았다.,She had a baby in the U.S.
정말 미안해.,I'm so sorry.
"봐, 저 남자는 키가 2미터는 넘을 거 같아.","Look, I think that guy is over two meters tall."
"믿기 싫으면, 나 믿지 마.",Don't believe me if you don't want to.
그 배는 바다 밑으로 가라앉았다.,The ship sank to the bottom of the sea.
타이어 바꿀 줄 알아?,Do you know how to change a tire?
신호가 녹색으로 바뀌었어.,The lights changed to green.
겨울에 친구들이랑 바다에 가고 싶어요.,I would like to go to the sea with my friends in the winter.
얼른 낫길 바랍니다.,I hope you will get better soon.
어느 커플이 서로를 사랑스럽게 바라보고 있었다.,A couple was looking at each other lovingly.
바람이 멈췄네.,The wind has stopped.
비가 오는 바람에 경기가 취소되었다.,The game was canceled because of the rain.
바로 갈게.,I'm coming right away.
요즘 왜 그렇게 바빠?,Why are you so busy these days?
내 스웨터랑 어울리는 바지를 찾았다.,I found a nice pair of pants to match my sweater.
과천에 있는 국립박물관 가 봤어?,Have you been to the national museum in Kwacheon?
밖에 눈이 오나요?,Is it snowing outside?
물 반 컵을 넣고 섞으세요.,Mix in half a cup of water.
그들은 5학년 때 같은 반이었다.,They were in the same class in fifth grade.
만나서 반갑습니다.,Glad to meet you.
내 여동생은 나랑 성격이 반대예요.,My sister is the complete opposite of me.
저는 매일 수십 통의 스팸 메일을 받아요.,I get dozens of spam mail everyday.
그건 칭찬으로 받아들일게요.,I'll take it as a compliment.
누군가가 내 발을 밟았다.,Somebody stepped on my foot.
그 도시는 지난 20년 동안 빠르게 발달했다.,The city has developed rapidly over the past 20 years.
그렇게 큰 문제가 발생했는지 누구도 몰랐다.,No one knew such a big problem would occur.
이 단어는 두 가지 발음이 있어요.,There are two pronunciations of this word.
램프가 너무 밝아서 눈이 아파요.,The desk lamp is so bright it hurts my eyes.
나는 낮에 자고 밤에 일어난다.,I sleep during the day and wake up at night.
밥 좀 더 드실래요?,How about some more rice?
이 방에서 회의를 하고 싶어.,I want to have a meeting in this room.
부자가 되는 빠른 방법이 없을까?,Isn't there a quicker way to become rich?
나 오늘 방학 숙제를 해야 해 .,I have to do this vacation homework today.
배가 고파서 배에서 소리가 나요.,I am so hungry that my stomach is growling.
조심해서 배에서 내리십시오.,Please get off the ship carefully.
배에서 배를 먹었더니 배가 아파요.,I developed a stomachache after I ate the pear in the ship.
배고파서 죽겠어요.,I am so hungry. I can eat a horse.
"너무 배불러, 더는 못 먹겠어.","I'm so full, I can't eat any more."
내 새해 계획은 운전을 배우는 거예요.,My new year's resolution is to learn how to drive.
쇼핑하러 백화점 가자.,Let's go shopping at the department store.
누군가가 쓰레기를 버렸다.,Somebody threw away the gabage.
서울 가는 버스를 타.,Get on the bus for Seoul.
저는 하루에 두 번 샤워를 해요.,I take a shower twice a day.
틀린 번호로 거셨어요.,You dialed the wrong number.
당신이 돈 벌면 내가 아이 볼게. ,I'll take care of the children if you make money.
벌써 가려고?,Are you leaving already?
나는 결코 법을 어긴 적이 없다.,I've never broken the law.
모자를 벗는 게 어때? ,Why don't you take off your hat?
많이 변했네.,You've changed a lot.
왜 낮에는 별을 볼 수가 없지?,Why can't we see the stars during the day?
기분이 어때? - 별로야.,How do you feel? - Not good.
나는 와인 한 병을 다 마신 후 운전을 했다.,I drank a whole bottle of wine and drove.
그는 작년에 끔찍한 병에 걸렸다.,He suffered from a terrible disease last year.
할머니가 병원에 계셔.,My grandmother is in the hospital.
그 사람이 내 생일에 장미 백 송이를 보냈어.,He sent 100 roses on my birthday.
거울 좀 그만 봐라.,Stop looking in the mirror.
보다 현실적인 방법을 찾아야 해.,We should find a more practical way.
너 오늘 우울해 보여.,You look sad today.
보통 몇 시에 주무세요?,What time do you usually go to bed?
이 목걸이가 널 보호해 줄 거야.,This necklace will protect you.
일을 더 복잡하게 만들지 마.,Don't make things more complicated.
볼펜 있어?,Do you have a ballpoint pen?
겨울이 가고 봄이 오고 있다.,Winter is gone and spring is arriving.
이 고양이는 털이 아주 부드러워.,This cat has very soft fur.
누군가 내 이름을 부르는 소리를 들었다.,I heard someone calling my name.
그녀는 차 사고로 부모님을 잃었다.,She lost her parents in a car accident.
요즘에는 아이를 원하지 않는 부부가 많아요.,"These days, many couples don't want to have kids."
그 영화에서 가장 좋은 부분이 뭐였어?,What was your favorite part in that movie?
부엌에 떡이 좀 있어.,There is some rice cake in the kitchen.
부인은 어디 계세요? 같이 안 오셨어요?,Where is your wife? Didn't you come with her?
북쪽으로 걸어가.,Just walk toward the north. 
몇 분이세요? - 세 사람이요.,How many in your party? - Three.
몇 시야? - 3시 40분.,What time is it? - It's three forty.
여기 분위기가 마음에 들어요.,I like the atmosphere here.
불이 났나 봐.,There must be a fire.
불고기는 외국인들에게 인기가 있어요.,Bulgogi is popular with foreigners.
바람이 남쪽에서 북쪽으로 불고 있어요.,The wind is blowing from the south to the north.
껌이 머리에 붙었어.,I have gum stuck in my hair.
봉투에 우표 붙였어?,Did you stick a stamp on the envelope?
비를 맞으며 걸었더니 감기에 걸린 것 같아.,I think I caught a cold because I walked in the rain.
비누는 피부를 건조하게 만들어요.,Soap makes my skin dry.
그 사람은 비디오 게임 없이는 못 살아요.,He can't live without video games.
나는 비빔밥이 별로야.,I don't like bibimbap very much.
"저 부부는 취미가 비슷해요, 자는 거요.","The married couple has a similar hobby, sleeping."
너무 비싸지 않아?? 더 싼 걸 찾아봐.,Isn't it too expensive? Look for something cheaper.
비행기는 5분 후에 이륙할 예정입니다.,The plane will take off in 5 minutes.
하늘에 저 작은 빛은 뭐지?,What's that little light in the sky?
지나가는 사람에게 물어보자. 그게 더 빨라.,Let's ask people walking by. It's faster.
나는 니가 실수로 물에 빠질까봐 걱정돼.,I'm worried that you'll fall in the water by accident.
그 빨간색 드레스 너랑 잘 어울려.,The red dress looks good on you.
이 빨래는 몇 번 헹궈야 하죠? ,How many times should I rinse this laundry?
더 이상은 안 돼. 최대한 빨리 가고 있다고.,I can't hurry up. I'm going as fast as I can.
사실 빵은 칼로리가 높다.,"Actually, bread has many calories."
무슨 일이야? - 어제 점을 뺐어.,What happened to you? - I had a mole removed from my face yesterday. 
그 음주 운전자는 결국 사고를 냈다.,The drunk driver finally got a car accident.
이 사과는 신선해요. 드셔보세요.,These apples are fresh. Try them.
뭐 샀니?,What did you buy?
그 차는 어둠 속으로 사라졌다.,The car disappeared into the dark.
그 사람 정말 좋은 사람 같아요.,I think he is a really nice person.
너는 날 얼마나 사랑해?,How much do you love me?
"앗, 내 열쇠 사무실에 놓아두고 왔어!","Oops, I left my keys at the office!"
그녀의 말은 사실과 전혀 달라.,Her remarks are completely different from the truth.
여기서 신용카드를 사용할 수 있나요?,Can I use this credit card here?
저는 부모님과 사이가 좋아요.,I have a good relationship with my parents.
내 꿈은 이 회사의 사장이 되는 거예요.,My dream is to be the CEO of this company.
사전은 대출이 안 됩니다.,You can't check out the dictionary.
여기서는 사진을 찍을 수 없습니다.,You are not allowed to take pictures here. 
그 아이는 사탕을 빨고 있었다.,The child was sucking on a candy.
그 다큐멘터리는 사회의 현실을 반영한다.,The documentary reflects the reality of society.
어제 산을 내려오다 발을 삐었어요.,I sprained my ankle coming down the mountain yesterday.
산책하기에 좋다. 밖으로 나가자.,The weather is good for a walk. Let's go out.
몇 살이에요? - 스물세 살이요.,How old are you? -Twenty three years old.
나는 도시에서 혼자 살고 부모님은 시골에 사셔.,I live alone in the city and my parents live in the country.
새 상품을 계획하는 것이 제 일입니다. ,It's my job to plan new products.
새 소리를 듣는 거 좋아해요.,I love to hear birds sing.
내 컴퓨터는 새 거야.,My computer is new.
나 새벽에 일어나야 해.,I have to wake up at dawn.
그 아이는 하늘을 어두운 색으로 칠했다.,The child painted the sky in a dark color.
내가 샌드위치 가져갈게.,I'll bring some sandwiches.
좋은 생각이야.,That's a good idea.
그 사람 어떻게 생겼어요?,What does he look like?
나는 생선과 채소만 먹어요.,I eat only fish and vegetables.
그는 생일 전날 죽었다.,He died the day before his birthday.
긴 방학 후에 학교생활에 적응하기 힘들다.,"After a long vacation, I can't get used to school life."
샤워 했어?,Did you take a shower?
무대 옆에 서 있는 사람이 그 여자야.,That's her standing over there by the stage.
형과 나는 서로를 잘 모른다.,My brother and I don't know each other well.
그 호텔은 최고의 서비스로 알려져 있다.,The hotel is known for the best services.
가장 가까운 서점이 어디인가요?,Can you tell me where the nearest bookstore is?
해는 동쪽에서 떠서 서쪽으로 진다.,The sun rises in the east and sets in the west.
이별 선물이야.,This is a farewell present.
그녀는 선생님이 되기 위해 일을 그만두었다.,She quit the job to become a teacher.
무슨 일이 있었는지 설명해 주시겠어요?,Can you explain what happened?
커피에 설탕 넣니?,Do you take sugar in your coffee?
많은 부부가 성격 차이로 이혼한다.,Many couples get divorced because of their personality differences.
"15세에, 그는 대학에 들어갔다.","At the age of 15, he entered university."
제1차 세계 대전,The First World War
세상 참 좁네요!,What a small world!
너 가서 세수 좀 해야겠다.,You need to go wash your face.
학생들을 한 줄로 세우세요.,Make the students stand in a row.
이 세탁기 고장 났어. 그거 켰어?,This washing machine doesn't work. Did you turn it on?
이 신발은 손님을 5센티미터 커 보이게 만들 겁니다.,"Those shoes make you look 5 centimeters taller, sir."
제 소개를 하겠습니다.,Let me introduce myself.
"너무 싱거우면, 소금을 넣어라.","If it's too bland, add some salt."
"공연이 시작되면, 소리를 내지 말아주세요.","When the concert starts, please don't make any sounds."
나는 쉬는 시간에 주로 소설을 읽는다.,I usually read novels in my free time.
몇 가지 좋은 소식이 있어요. ,I have some good news for you.
"집에 돌아왔을 때, 남편은 소파를 청소하고 있었다.","When I returned home, my husband was cleaning the sofa."
어디로 소풍 가고 싶어?,Where would you like to go for a picnic?
저자는 책 속에 서명을 했다.,The author signed the inside cover of the book.
그 사람들 손을 잡고 걷고 있었어. 사귀는 게 분명해.,They are walking hand in hand. I'm sure they are dating.
엄마는 그 산을 손가락으로 가리켰다.,My mother pointed out the mountain with her finger.
손님은 왕이다.,The customer is always right.
쇠고기와 돼지고기 중에 어느 것이 더 싼가요?,"Which is cheaper, beef or pork?"
여자친구와 쇼핑가는 건 정말 힘들어.,It's hard for me to go shopping with my girlfriend.
지금은 기다리는 수밖에 없어.,There's no other way but to just wait.
머리 말릴 수건 있어?,Do you have a towel to dry your hair with?
"여름에는, 차가운 수박을 먹는 것이 정말 좋다.","In the summer, eating watermelon is very refreshing."
한 시간 후에 수업이 있어요.,I have class in an hour.
다른 곳으로 수영하러 가자.,Let's go swimming somewhere else. 
와! 너희 집에 수영장이 있다며? ,Wow! I heard you have a swimming pool at your house.
숙제 했어?,Did you do your homework?
확실해? 마지막 순간에 마음 바꾸면 안 돼! ,Are you sure? Don't change your mind at the last moment.
"한국 사람은 보통 숟가락으로 밥을 먹고, 젓가락으로 반찬을 먹어요.",Usually Koreans use spoons for rice and chopsticks for side dishes.
너 벌써 술 많이 마신 것 같은데.,I think you have had enough alcohol.
숲에서 길을 잃었어.,I got lost in the forest.
피곤해 보이는데 잠시 쉬지 그래?,You look tired. Why don't you rest for a while?
말은 쉽다. 직접 해 봐.,It's easy for you to say. Do it yourself.
슈퍼마켓 가는 중이야. 뭐 필요한 거 있어? ,I'm going to the supermarket. Do you want anything?
스스로 해결책을 찾아봐라.,Figure out the solution by yourself.
스키 여행은 눈 때문에 취소되었다.,Our ski trip has been canceled because of the snow.
스트레스를 줄이려면 마사지를 받아라.,Get a massage to reduce your stress.
나는 신문에서 스포츠 부분만 읽는다.,I only read the sports section in the newspaper.
슬퍼서 우는 게 아니라 기뻐서 우는 거예요.,"I am crying not because I'm sad, but because I'm happy. "
한강은 서울시를 통과하여 흐른다.,The Han River flows through the city of Seoul.
지금 몇 시야? - 세 시 반.,What time is it now? - Half past three.
하루에 열두 시간 일하고 쉴 시간도 없어요.,I work twelve hours a day and do not have time to rest.
내 시계는 5분 늦다.,My watch is 5 minutes behind.
"에어컨을 켰으니, 시원해질 거야.","With the air conditioner on, it is going to be cool."
수업은 오전 8시에 시작한다.,The class begins at 8 a.m.
콘서트가 시작되고 뮤지션이 연주를 시작했다.,The concert started and the musician began to play.
동대문 시장에 가 보고 싶어요.,I want to go to Dongdaemun Market.
사장님은 휴일에도 일을 시킨다.,The CEO makes me work on holidays.
어제 단어 시험을 봤어. 생각했던 것보다 쉬웠어.,I took a vocabulary test yesterday. It was easier than I thought it would be.
이 식당은 음식을 정말 잘 해.,They serve really nice food in that restaurant.
식사하고 30분 후에 이 약을 드세요.,Take this pill 30 minutes after meals.
식사 후에 식탁을 치워주세요.,"After meals, please clear the dining table."
이 방에 들어올 때는 슬리퍼를 신으세요.,Put on slippers when you come into this room.
어떤 신문 읽어?,Which newspaper do you read?
니 신발 젖었네. 내 신발 신어.,"Your shoes are wet, put on my shoes."
"실례지만,? 몇 시인지 아세요?","Excuse me, but do you have the time?"
아침에 일어나는 게 정말 싫어.,I really hate getting up early in the morning.
너 왜 재즈를 싫어하는 거야?,Why do you hate jazz?
"그 차가 나를 쳤을 때, 나는 심한 충격을 받았다.","When the car hit me, I went into severe shock."
인터넷에서 사는 게 가게에서 사는 것보다 더 싸.,Buying online is cheaper than buying from shops.
뭐 때문에 싸우는 거야?,Why are you quarreling?
그 사람은 쌀과 보리도 구별 못 한다.,He can't tell rice from barley.
"그는 읽고 쓰지 못하지만, 큰 회사의 사장이다.","Although he can't read or write, he is the president of a big company."
개가 모자를 쓰고 있다니 웃기지 않니?,Isn't it funny that the dog is wearing a hat?
어떤 샴푸 쓰세요?,What brand of shampoo do you use?
저 쓰레기 좀 버려줄래?,Could you throw out the garbage?
혜안씨 좀 바꿔주세요.,Can I speak to Ms. Hyean?
나는 집에 오자마자 손을 씻었다.,"As soon as I came home, I washed my hands."
"아, 이런!","Ah, no!"
이번 달에 아기를 낳을 예정이에요.,I'm expecting a baby this month.
내 아내는 내가 꿈꾸던 바로 그 사람이다.,My wife is the one I've dreamed of all my life.
"좀 더 줄까? - 아니, 배불러.","Do you want some more? - No, I'm full."
빌리 진은 내 애인이 아니에요.,Billie Jean is not my lover.
"아니요, 그 애는 내 아들이 아니에요.","No, the kid is not my son."
나 지금 가봐야 해. 내 아들이 집에 혼자 있어.,I have to go now. My son is home alone.
아래에 서명해 주세요.,Please sign your name below.
당신은 정말 아름다워요.,You are so beautiful. 
그 사람 아마 늦을 거야. 새벽 네 시까지 깨어있었거든.,He is probably late. He was up until 4 a.m.
대통령은 그 문제에 대해 아무 말도 하지 않았다.,The president didn’t say anything about the issue.
너는 아무리 먹어도 살이 안 찌는구나.,"No matter how much you eat, you never gain a pound."
아버지는 무슨 일을 하시니?,What does your father do for a living?
"아빠, 저 이 카메라 사 주세요.","Dad, please buy me this camera."
저희는 아이가 하나 있습니다.,We only have one child.
이 바닐라 아이스크림은 내가 가장 좋아하는 맛이다.,Vanilla is my favorite ice cream flavor.
"그는 17살이지만, 아저씨처럼 보인다.","Even though he is seventeen, he looks like a middle-aged man. "
아주 쉬워.,It's very easy.
"아주머니, 여기가 어디예요?","Madam, where am I?"
아직 괜찮은 것 같은데. ,These still seem to be okay.
나는 보통 일요일 아침에는 아침도 안 먹고 늦게까지 잔다.,I usually sleep in without having breakfast on Sunday mornings.
어떤 아파트를 찾고 계세요?,What apartment are you looking for?
무릎이 너무 아파서 걸을 수가 없어.,My knees are so painful that I can't walk.
15분 안에 도착할 거예요.,I will be there within 15 minutes.
넌 왜 안 갔어?,Why didn't you go?
안경 쓰고 있는 저 여자애 말이야?,You mean the girl who wears glasses?
안녕하세요? ,Hello? 
안녕히 가세요.,Take care.
안아 줘.,Give me a big hug.
그것 참 안됐네요.,I'm so sorry for that.
그들은 차에 나란히 앉았다.,They sat side by side in the car.
좋지도 않지만 나쁘지도 않아.,"Not good, but not bad."
내 말 무슨 뜻인지 알겠어?,Do you know what I mean?
그 이야기는 인터넷을 통해 모두에게 알려졌다.,The story became known to everyone through the internet.
그거 끝나면 나한테 알려 줘.,Let me know when you finish it.
"차례가 되면, 앞으로 나오세요.",Please come to the front when it's your turn.
박찬호는 내가 제일 좋아하는 야구 선수야.,Chanho Park is my favorite baseball player.
다쳤어? 이 약 먹어.,Did you get hurt? Take this medicine.
"오늘 약간 춥다, 그지?","It's a little chilly today, isn't it? "
2층에 약국이 있습니다.,There is a pharmacy on the second floor.
"이번에 약속 어기면, 너 다시는 안 볼 거야.","If you break your promise this time, I'll never see you again."
그러니까 자꾸 양말에 구멍이 나지. ,That's why your socks keep getting holes.
이 넥타이는 니 양복이랑 잘 어울릴 거야.,I guess this tie will go with your suit.
걱정하지 마. 그냥 내 어깨에 기대.,Don't worry. Just lean against my shoulder.
어느 부분이 제일 아프세요?,Which part hurts the most?
어디 살아?,Where do you live? 
요즘 몸은 좀 어때?,How do you feel these days?
어떤 사람을 좋아하세요?라고 어떤 사람이 물었다.,What kind of person do you like? asked a certain guy.
이번 수학 시험은 지난번보다 더 어려웠어.,This math test was more difficult than the last one.
도와드릴까요? - 어른 두 명하고 아이 한 명이요.,"May I help you? - Two adults and one child, please."
제가 나이보다 어려보인다는 소리 많이 들어요.,I've heard many times that I look younger than my age.
어린이도 돈을 내야 하나요?,Do children have to pay money?
우리 어머니는 삼 년 동안 아프셨다.,My mother has been sick for three years.
나는 그에게 그 일을 어서 끝내라고 말했다.,I told him to get the work done quickly.
그 옷 너랑 잘 어울리네.,The dress suits you well.
"어제 너한테 열 번도 넘게 전화했는데, 안 받더라.","I called you yesterday more than ten times, but you didn't answer."
언니가 있었으면 좋았을 텐데.,I wish I had an older sister.
언제 시간 되세요?,When are you free?
다른 사람과 같이 산다는 건 언제나 힘든 일이야.,It's always hard to live with someone.
언제나 네가 원하는 것을 얻을 수는 없다.,You can't always get what you want.
왜 얼굴이 갑자기 빨개지니?,Why is your face suddenly turning red?
얼른 대답해요.,Answer me right away.
이거 얼마예요?,How much is this?
한국에 온 지 얼마나 됐어요?,How long have you been in Korea?
시내에서 엄마랑 점심 먹을 거야.,I'm going to meet my mom for lunch downtown.
요즘에는 핸드폰 없는 사람이 없다.,Nowadays there is no one who does not have a cell phone.
가방이 없어졌어!,My bag is gone!
나는 물 없이는 살아도 음악 없이는 못 살아.,"I can live without water, but I can't live without music."
에어컨 좀 켜도 될까요? ,Would you mind if I turned on the air conditioner?
여권 좀 보여주시겠어요?,Can I see your passport?
나 여기 서점에 있어. ,"I'm over here, in the bookstore."
니 여동생은 몇 살이니? ,How old is your younger sister?
여러 나라를 여행하고 싶어. ,I'd like to travel to many countries.
"자, 여러분, 시작해 볼까요.","Ok, everyone, let's get down to business."
나는 여름이 좋아. 여름에는 수영을 할 수 있으니까.,I love summer because I can go swimming.
여보세요? 혜안이 있어요?,Hello? Can I speak to Hyean?
저기 있는 여자 보여?,Can you see a woman over there?
우리 반은 남학생보다 여학생이 많아. ,My class has more female students than male students.
올 여름에는 부산을 여행하기로 했다.,I decided to travel to Busan this summer.
이번 역은 종각역입니다. 내리실 문은 왼쪽입니다 ,This stop is Jonggak. The exit doors are on your left.
하루 종일 역사 시험 공부를 했어. ,I studied all day long for the history test .
이번 주 농구 연습에 안 가서 팀에서 쫓겨났어.,I got kicked off the basketball team because I didn't go to the practice this week.
잠시만. 종이하고 연필 가져올게.,Hold on. I'll get some paper and a pencil.
열어 봐. 깜짝 선물이야. ,Open it up. It's a surprise gift.
문이 저절로 열렸어.,The door opened by itself.
내 자동차 열쇠를 잃어버렸어. ,I've lost my car keys.
그 시험을 위해 정말 열심히 공부했어요. ,I studied very hard for the test.
일 년 동안 영국에서 살 거예요.,I'll be living in England for a year.
영어 공부 어떻게 하셨어요? ,How did you study English?
영화는 형편없었지만 경치는 멋있었어!,"The movie was stupid, but the scenery was nice!"
그 은행은 저 건물 옆에 있어요.,The bank is next to the building.
예를 들어봐.,Give me an example.
오늘 아주 예쁜 여자를 봤어.,Today I saw a really pretty girl.
예정대로 도착해?,Are you going to arrive on schedule?
저 노래를 들으니 옛날 생각이 나.,That song reminds me of the old days.
오늘은 쉬는 날이야.,Today is my day off.
언제 오세요?,When are you coming?
오래 기다리시게 해서 죄송합니다.,I'm sorry to have kept you waiting for so long.
고향에 오래간만에 오신 건가요? ,Has it been a while since you've been back to your hometown?
이 오렌지 신선한 건가요? ,Are these oranges fresh?
기름 가격이 또 올랐네.,The price of gasoline has gone up again.
공원에서 오른쪽으로 도세요.,Turn right at the park.
너희 오빠는 안경을 쓰니? ,Does your brother wear glasses?
저는 오전 9시부터 오후 6시까지 일해요.,I work from 9 a.m. to 6 p.m.
이따 오후에 오세요.,Come by this afternoon.
몇 층이나 올라가야 해요?,How many flights of stairs should I go up?
올해는 담배를 끊기로 결심했어요.,I've decided to quit smoking this year.
오늘 '누가 내 치즈를 옮겼을까?'라는 책을 읽었다.,"I read the book, Who moved my cheese?"" today."""" read the book"
이 옷 나한테 맞을까? ,Do you think these clothes will fit me?
어젯밤에 너 완전히 취했었어. ,You were completely drunk last night.
왜 그랬니?,Why did you do that?
나는 아침에 늦게 일어난다. 왜냐하면 할 일이 없기 때문이다.,I wake up late in the morning because I have nothing to do.
외국에서 태어났으면 좋았을 텐데.,I wish I had been born in a foreign country.
할 줄 아는 외국어가 있으세요?,Can you speak any foreign languages?
이태원에는 외국인이 많아요.,There are many foreigners in Itaewon.
왼쪽에 있는 빨간 버튼을 누르세요.,Press the red button on your left.
이것들 전부 니가 요리한 거야?,Did you cook all these?
요즈음 살이 쪄.,I'm gaining weight these days.
욕심엔 끝이 없다.,Greed has no limits.
우리 전에 만난 적 있나요?,Have we met before?
우리나라에서는 태어나면 바로 한 살이에요. ,"In my country, we are regarded as being one year old as soon as we're born."
우산 안 가져왔어? ,Didn't you bring your umbrella?
우선 동생한데 물어봐야 해요.,I have to ask my brother(sister) first.
이 우유 상한 거 같아요.,This milk seems to have gone bad.
나 지금 우체국 가는 길이야. ,I'm on the way to the post office.
운동을 위해 나는 매일 1킬로를 뛴다.,"For exercise, I jog a kilometer everyday."
아이들은 운동장에서 놀고 있을 거야.,Kids probably play at the playground.
청바지와 운동화는 안 됩니다.,Jeans and sneakers are not allowed.
조심해서 운전해라.,Drive carefully.
아기가 자꾸 울어서 데리고 나왔어요. ,"My baby kept crying, so I took her out."
팔을 움직이려 했지만 이상하게도 움직이지 않았다.,"I tried to move my arms, but strangely they didn’t move."
니 웃는 모습이 좋아.,I like the way you smile.
"나를 보자마자, 그는 웃음을 터뜨렸다.","As soon as he saw me, he burst out in laughter."
나는 이 신발을 3만 원에 샀다.,I bought this pair of shoes for thiry thousand won.
그 사람 원래 성격이 밝아요. ,He originally had such a pleasant personality.
니가 원한다면 그거 할게.,I'll do it if you want.
서랍 안이 아니라 책상 위에 있었어요.,"They were on top of the table, not in the drawer."
그 가게는 위치가 나쁜 것 같아.,I think that store has a bad location.
이건 널 위한 작은 선물이야.,Here's a little present for you.
어렵고 위험할 것 같은데.,That sounds difficult and dangerous.
부산은 해산물로 유명하다. ,Busan is famous for its seafood.
저희 은행에 계좌를 갖고 계신가요? ,Do you have an account with our bank?
매운 음식도 괜찮아?,You don't mind spicy food?
집에서 음악 많이 들으세요? ,Do you listen to much music at home?
그 사람한테 니 의견을 말하지 그래?,Why don't you tell him your opinion?
사랑이 없는 결혼은 아무런 의미가 없어. ,Marriage without love doesn't mean anything.
의사에게 진찰받아 봤니?,Have you been to the doctor?
의자가 열 개밖에 없어요.,There are only ten chairs.
아마 이를 빼야 할 거야.,Maybe you have to have a tooth pulled out.
이 책 니 거야?,Is this book yours?
이것 좀 혜안한테 줄래?,Could you give this to Hyean?
이곳 음식은 너무 비싸네요.,The dishes here are pretty expensive.
어제 저녁 야구 경기에서 누가 이겼지? ,Who won the baseball game last night?
이때까지 나는 여자 친구를 한 번도 사귀어 본 적이 없다.,"To this day, I have never had a girlfriend."
이런 일 해보셨어요? ,Have you ever done this kind of work?
제 생각은 이렇습니다.,My opinion is this.
"한국인들은 성을 앞에, 이름을 그 다음에 쓴다.",Koreans write their surname first and then their given name.
지난 주말에 이미 거기 가 봤어. ,I already went there last weekend.
난 순수한 이미지의 여자가 좋아.,I like girls who look pure.
이번에는 안 돼!,Not this time!
이분이 우리 영어 선생님이세요.,This is my English teacher.
토익 시험에서 900점 이상을 받아야 한다.,I have to score over 900 on the TOEIC exam.
어젯밤에 이상한 꿈을 꿨어.,I had a strange dream last night.
그 이야기는 더 이상 하고 싶지 않아요. ,I don't want to talk about that anymore.
인터넷에서 영화를 볼 때 어떤 사이트를 이용하세요?,What sites are you using to watch movies on the internet?
남편은 점심을 먹고 이웃에 놀러갔어요.,My husband went over to our neighbor's house after lunch.
니가 화낼 이유가 없는 것 같은데.,I don't think you have a reason to get angry.
이제 그만 가볼게요.,I have to leave now.
이쪽으로 오세요.,Come this way.
"나는 이 메모를 이해할 수가 없는데, 넌 어때?","I can't understand this memo, can you?"
체스에서 컴퓨터가 인간을 이겼어요. ,The computer defeated the human in the chess.
"그 사건 이후, 그 배우는 인기가 떨어졌다.","After the scandal, the actor lost his popularity."
작별 인사를 해야 할 시간이야.,It's time for us to say goodbye.
내 인생 최고의 날이었어.,It was the best day of my life.
인터넷에 어떻게 접속하지?,How can I access the internet?
일만 하지 말고 좀 놀아라.,Stop working sometimes and have fun.
일본에 가려면 관광 비자가 필요해요.,You need a tourist visa to go to Japan.
일본어 공부는 잘 되고 있어요? ,How are you doing with learning Japanese?
오늘 늦게 일어났어요?,Did you get up late today?
문제를 일으킬 생각은 없었다.,I didn't mean to cause any trouble.
저는 늦게 자고 일찍 일어납니다.,I go to bed late at night and wake up early in the morning.
가장 최근에 읽은 책이 뭐예요?,What was the last book you've read?
길을 잃으신 것 같군요.,You seem to be lost.
가게에서 지갑을 잃어버렸어. ,I lost my wallet in the store.
입에 음식을 넣고 말하지 마라.,Don't talk with your mouth full.
한복은 보통 언제 입어요?,When do you usually wear a hanbok?
침대 옆 탁자 위에 있어요.,It is on the table next to the bed.
나를 잊지 않겠다고 약속해.,Promise you won't forget me.
"아차, 깜박 잊어버렸어. ","Oh, I completely forgot."
그 사람은 항상 자기 얘기만 한다.,She always talks only about herself.
자꾸 물어보지 마.,Don't ask me over and over again.
나는 늘 옆으로 잔다.,I always sleep on my side.
자동차에 또 문제가 있어요?,Do you have problems with your car again?
저는 시골에서 자랐어요.,I grew up in the countryside.
여기 자리 있나요?,Is this seat taken?
"소크라테스가 너 자신을 알라""고 말했지.""""크라테스가 ""너 자신을 알라""""라테스가 ""너 """"테스""","Socrates said, Know yourself.""""""ocrates said"
부끄러워하지 마. 그냥 자연스럽게 행동해.,Don't be shy. Just act natural.
결혼하고 나서 자유를 잃었다고 생각하세요?,Do you feel you lost your freedom after getting married?
자장면은 정말 인기 있는 중국 음식이야. ,Jajangmyeon is a very popular Chinese dish.
밖에서 자전거 타도 돼요? ,Can I ride my bicycle outside?
영화 보러 자주 가세요? ,Do you often go to the movies?
너 작년에 졸업했지?,"You graduated last year, didn't you?"
큰 가방 두 개하고 작은 것 한 개요.,Two big suitcases and a small one.
커피 한 잔 하시겠어요?,Would you like a cup of coffee?
내 목소리 잘 들려요?,Can you hear me well?
그 사람은 영어를 아주 잘해.,He speaks English very well.
몹시 잠이 와.,I feel so sleepy.
여기 잠깐 계세요.,Stay here for a moment.
잠시 생각 좀 할게요.,Let me think for a while.
잠자기 전에 이를 닦아라.,Brush your teeth before sleeping.
내 손을 잡아요.,Hold my hand.
잡지에서 우연히 본 거야.,I came across it in a magazine.
달력을 한 장 넘겼다.,I turned the page of the calendar.
"화내지 마세요, 그냥 장난이었어요.",Don't be angry. It was just for fun.
노란 장미보다 붉은 장미가 마음에 들어요. ,I prefer red roses to yellow ones.
시간이랑 장소는 정했어?,Have you decided on the time and the place?
저희 식당은 신선한 재료만을 사용합니다.,My restaurant uses only fresh ingredients.
이 영화 진짜 재미없다.,I'm finding this movie extremely boring.
이거 정말 재미있네!,This is so fun!
나는 부모님으로부터 많은 재산을 물려받았다.,I inherited a huge property from my parents.
저를 아세요?,Do I know you?
저 사람 좀 보세요.,Look at that man over there.
저것 좀 봐. 강아지가 다리를 다쳤어! ,Look at that. A puppy with an injured leg!
저곳은 항상 사람들이 많아.,That place is always crowded with people.
저기에 주유소가 있어요.,There's a gas station over there.
내일 저녁에 뭐 하세요?,What are you going to do tomorrow evening?
저쪽 구석에 놓으세요. ,Put it down in that corner over there.
여기에 이름을 적어주세요.,"Write down your name here, please."
우리 회사에는 일하는 사람이 적다.,There are few men working at my company.
전에 여기 있던 가게가 없어졌어.,The store that was here before is now gone.
우리 대학은 백 년의 전통을 자랑한다.,Our university boasts a tradition that goes back 100 years.
혜안이 전화했었다고 전해 주세요.,Please tell him Hyean called.
그 사람 전혀 다른 사람 같더라고.,He seemed to be a completely different person.
119에 전화해!,Call 911!
전화번호 좀 알려줄래?,Can I have your phone number?
그녀는 젊었을 때 정말로 예뻤다.,"When she was young, she was really beautiful."
늦어서 5점이 깎였다.,I got five points taken off for being late.
점심은 제가 살게요.,Lunch is on me.
점심시간은 한 시간이다.,We have an hour-long lunch break.
"점점 더, 젊은 사람들이 공부하려고 해외에 간다.","More and more, young people nowadays go abroad to study."
젓가락으로 국수를 집을 수 있어요?,Can you pick up the noodles using your chopsticks?
2분 정도 걸릴 겁니다. ,It'll take about two minutes.
이 근처에 버스 정류장이 있습니까? ,Is there a bus stop near here?
나 지금 정말 피곤해.,I'm really tired now.
건강한 신체에 건전한 정신,A sound mind in a sound body
시간은 당신이 정해요.,You set the time for us.
정확한 출발 시각은 몇 시인가요?,What time is the exact departure time?
이번엔 제대로 좀 해 보자. ,Let's get it right this time.
나는 베토벤을 제일 좋아해. ,I like Beethoven the best.
조금만 더 주세요. ,"Just a little more, please."
경찰이 그 사건을 조사하고 있어요.,The police are investigating the incident.
감기 조심하세요.,Be careful not to catch a cold.
바다가 보이는 조용한 방이에요.,"Yes, it's a quiet room with a fine view of the ocean."
대학 졸업하고 뭐 할 거야?,What do you plan to do after you graduate from university?
와인 좀 가져오세요. ,"Bring some wine, please."
우리는 종교의 자유가 있다.,We have freedom of religion.
음식 종류가 너무 많아서 무엇을 먼저 먹어야할지 정할 수가 없다.,There are so many kinds of food that I can't decide what to eat first.
종이를 반으로 접어라.,Fold the paper in half.
내일도 날씨가 좋았으면 좋겠는데.,"I hope the weather is nice tomorrow, too. "
너 만화책 좋아하니? ,Do you like comic books?
늦어서 죄송합니다.,Sorry I'm late.
나는 혜안에게 생일 선물로 시계를 주었다.,I gave her a watch for her birthday.
판다가 주로 뭘 먹는지 알아?,Do you know what pandas mostly eat?
이번 주말에 시간 있어?,Are you free this weekend?
제 이메일 주소를 알려 드릴게요. ,I'll give you my e-mail address.
죄송한데 오늘 오렌지 주스가 없어요.,"Sorry, we have no orange juice today."
수영장 주위를 그렇게 뛰어다니면 안 된다.,You shouldn't run around the pool like that.
이 차 주인이세요?,Are you the owner of this car?
다음 주제로 넘어가는 건 어때요?,How about going on to the next topic?
담배를 계속 피우면 젊은 나이에 죽을지도 몰라.,Keep smoking and you'll probably die young.
한국에서는 빨간색이 죽음을 의미해.,"In Korea, red means death."
내가 특별히 준비할 거 있어?,Is there anything special that I should prepare?
"무엇보다도, 스트레스를 줄이는 것이 중요합니다.","First of all, it is important to reduce your stress."
수업 중에 떠들지 마라.,Don't chat during class.
중국에서는 물건 값이 굉장히 싸요. ,Things in China are so cheap.
요즘 한국에는 중국어를 공부하는 사람들이 많다.,A lot of people are studying Chinese in Korea these days.
우리 집은 서울 중심에 있다.,My house is located in the center of Seoul.
독도가 중요한 섬인가요?,Is Dokdo an important island?
우리 엄마는 중학교 미술 선생님이야.,My mom teaches art at a junior high school.
많은 중학생들이 담배를 피우나요?,Do many junior high school students smoke?
어린이날은 아이들에게 일 년 중 가장 즐거운 시기이다.,Children's day is one of the happiest times in a year for children.
어떤 음식을 즐겨 먹어요? ,What kind of food do you enjoy?
돈을 지갑에 넣어 다니세요?,Do you carry your money in a wallet?
지금 어디 계세요?,Where are you now?
이 버스가 플라자 호텔 지나가나요?,Does this bus pass by the Plaza Hotel?
시간이 지나면 다 잊힐 거야.,All will be forgotten as time goes by.
장난이 지나치시네요.,Your pranks have gone too far.
이 노래 지난달에 나왔어.,This song was released last month.
우리 지난주에 얘기하지 않았나요?,Didn't we talk just last week?
회사가 지난해 망했어. ,The company went bankrupt last year.
휴가 어떻게 지냈어? ,How did you spend your vacation?
지도를 보면서 알려드릴게요.,I'll show you on the map.
책상 위에서 연필과 지우개 외에는 모두 치우세요.,Clear everything off your desk except for your pencils and erasers.
화장은 하는 것보다 지우는 것이 더 중요하다.,Removing makeup is more important than putting it on.
"너 약속 지키는 거, 난 한 번도 못 봤어. ",I've never seen you keep any promises.
가게들은 지하에 있습니다.,Shops are in the basement.
지하철에서 지갑을 잃어버렸어.,I lost my wallet on the subway.
직접 얘기해 보시지 그래요? ,Why don't you talk to him directly?
나 그런 질문 싫어하는 거 알잖아. ,You know I hate that question.
집까지 태워다 줄게. ,I'll drive you home.
이 생선 엄청 짜네.,This fish tastes pretty salty.
걔는 짧은 머리에 안경을 썼어.,She has short hair and wears glasses.
어느 쪽이 남쪽이야?,Which way is south?
찌개는 식으면 맛이 없어.,Stew doesn't taste good when it is cold.
여기에 도장을 찍으세요.,Stamp your seal here.
커피? 아니면 차?,Coffee? Or tea?
당장 차 세워!,Pull the car over right now!
"차례를 지키면, 곧 니 차례가 올 거야.","If you keep in order, it will soon be your turn."
거 참 이상하네.,That's really strange.
나 너무 불안해서 참을 수가 없어. ,I am so nervous I barely stand it.
실례지만 제가 창문 쪽 자리인 것 같은데요. ,"Excuse me, but I think I have the window seat."
그만 찾아도 돼. 내가 찾았어!,Stop searching. I found it!
잘 찾아봐라.,Search thoroughly.
채소에 소금을 뿌려라.,Sprinkle salt on the vegetables.
책 빌려줘서 고마워.,Thank you for lending me the book.
선생님 책상에 개구리를 넣은 사람은 나야.,I put a frog in my teacher's desk.
제가 개인적으로 책임을 지겠습니다. ,I'll take personal responsibility for it.
이번에 중국 처음 가는 거니? ,Is it your first trip to China?
좀 더 천천히 말씀해 주세요.,"Speak a little more slowly, please."
저 청바지 요즘 엄청 유행이야. ,Those jeans are all the rage these days.
아직도 혼자 집을 청소하세요?,Do you still clean your house by yourself?
100미터를 몇 초에 뛰세요? ,How many seconds does it take you to run 100 meters?
그 애는 나를 자기 생일 파티에 초대하지 않았다.,She didn't invite me to her birthday party.
1996년 이전에는 한국에서는 초등학교를 국민학교라고 불렀다.,"Elementary school was called national school"" before 1996 in Korea.""""lementary school was called ""national """"ementary """
아무도 밸런타인데이에 나한테 초콜릿을 안 줬어.,Nobody gave me chocolate on Valentine's day.
내가 본 것 중 최고였어. ,It was the best I've ever seen.
여동생이 축구하는 걸 보고 있어.,I'm watching my sister play soccer.
축하합니다!,Congratulations!
아직도 출발 안 했어? ,Haven't you left yet?
밤새도록 춤을 췄어요. ,I danced the entire night through.
오늘 날씨 정말 춥다! ,"Oh, it's very cold today!"
낚시는 제 유일한 취미예요.,Fishing is my only hobby.
저 조금 취한 것 같아요.,I think I'm a little bit drunk.
몇 층 가세요?,Which floor do you want?
내 친구 녀석이 화가 나 내 얼굴을 쳤다.,My friend was so angry that he hit me in the face.
이 새로 산 치마 어때? ,What do you think of my new skirt?
치약을 중간부터 짜지 마라.,Don't squeeze the toothpaste in the middle.
우리는 그냥 친구일까? 아니면 연인일까?,Are we just friends? Or lovers?
그녀는 못생겼지만 정말 친절하다.,She is ugly but very friendly.
칠판에 써 볼 사람? ,Who can write it on the board?
많은 한국인들이 여전히 침대에서 자는 것을 좋아하지 않는다.,Many Koreans still don't like to sleep in beds.
니 칫솔을 썼더니 기분이 이상해.,I feel weird because I used your toothbrush.
그는 칭찬을 받을 만하다.,He deserves a compliment.
신용카드가 때로는 교통카드 기능을 한다.,Sometimes credit cards can also function as a travel pass card.
디지털 카메라에는 필름이 필요 없어요.,You don't need film with a digital camera.
이 수박 자르게 칼 좀 가져와라.,Get me a knife to slice this watermelon.
캐나다의 수도가 어디죠?,What's the capital of Canada?
혜안의 눈은 정말 커다랗다.,Hyean's eyes are really big.
커피를 마시면 밤에 잠이 안 와요.,I can't sleep at night if I drink coffee.
컴퓨터가 또 고장 났네!,My computer is out of order again!
컵에 립스틱 자국이 남아 있었다.,There was a smudge of lipstick on the cup.
불을 끄고 라디오를 켜라.,Turn off the light and turn on the radio.
나는 감기에 걸리면 코로 숨을 못 쉰다.,I can't breath through my nose when I catch a cold.
햄버거 두 개랑 콜라 주세요.,"Two hamburgers and one cola to go, please."
글자 크기는 바꿀 수 있습니다. ,You can change the font size.
"우리 애가 벌써 커서, 이 옷이 맞지 않을 정도로 커졌다.","My child has grown up, so he is too big for these clothes."
크리스마스에 뭐 갖고 싶어?,What would you like to have for Christmas?
그 사람은 키가 크고 수염이 있어요.,He is tall and has a beard.
나 고양이 키우고 싶어.,I want to raise a cat.
오늘은 왜 택시를 탔어요?,Why did you take a taxi today?
태권도를 했다니 안 믿어지는데.,I can't believe you learned Taekwondo.
나는 수업 태도가 좋지 않았어요.,I had a bad attitude in class.
저는 양의 해에 태어났어요.,I was born in the year of the sheep.
저 택시는 왜 그냥 가는 거죠? ,Why did that taxi just take off like that?
나랑 테니스 칠래? ,You want to play tennis with me?
바닥청소 하게 저 테이블 좀 옮겨줄래?,Can you move that table so I can sweep the floor?
오늘 밤 텔레비전에서 뭐 해?,What's on television tonight?
큰 코가 그 사람 얼굴의 특징이야.,His big nose is the central feature of his face.
특히 마지막 노래가 좋았어. ,I especially loved the last song.
내가 40점을 넣어서 우리 팀이 이겼어.,I scored 40 points and our team won the game.
머리를 파란색으로 염색했더니 엄마가 나를 내쫓았다.,I dyed my hair blue and my mom kicked me out.
파티에 같이 갈래요?,Would you like to come along to the party?
팔을 못 움직이겠어요.,I can't move my arm now.
한국의 약국에서는 약만 팔아요.,Korean drugstores only sell medicine.
저는 백 퍼센트 이길 자신이 있어요.,I am 100 percent confident of winning.
비 온다. 우산 펴.,It's raining. Open the umbrella.
이 편지를 우체통에 넣어야 하거든요. ,I have to put this letter in a mailbox.
포도가 너무 시어.,The grapes are too sour.
어른 표 두 장하고 어린이 표 한 장 주세요.,"Two tickets for adults and one for a child, please."
그 소식에 그녀의 표정이 밝아졌다.,Her face lit up at the news.
그게 바로 아빠가 사랑을 표현하는 방식이에요.,That's the way my dad expresses his love.
안전벨트 풀어도 돼요?,May I unfasten my seat belt?
프랑스로 완전히 돌아가는 건가요? ,Are you going back to France for good?
이 프로그램은 어떻게 설치해요? ,How do I install this program?
정말 피곤해 보이네요. 무슨 일 있어요?,You look really tired. What's up?
저는 피부가 건조한 편이에요.,My skin is rather dry.
피아노를 잘 치신다고 들었어요. ,I heard you play the piano very well.
왜 많은 사람들이 담배를 피울까요? ,Why do so many people smoke?
"점심에는 피자를, 저녁에는 스파게티를 먹었다.",I had pizza for lunch and spaghetti for dinner.
김치찌개에는 소금이 필요하다.,Salt is necessary to cook kimchi stew.
얼마 만에 푸른 하늘을 보는 건가요?,How long has it been since we've seen a clear sky?
하려고 했는데 못 했어요. ,"I was going to do it, but I couldn't."
저희는 하루에 9만원입니다.,We charge ninety thousand per day.
"좋아, 하지만 이번 한 번만이야. ","All right, but just this once."
저희 아들 학교생활 잘 하고 있나요? ,How is our son doing in school?
몇 학년이야? - 1학년이에요.,What year are you in? - I'm a freshman.
학생 할인이 됩니까?,Do you have discounts for students?
다음 해에 다시 한국에 올 거예요. ,I'll be back to Korea again next year.
한국말 할 줄 아세요? ,Can you speak Korean?
한글은 자음 14개로 되어 있어요. ,Hangeul has fourteen consonants and ten vowels.
제가 한번 해 볼게요.,Let me have a try.
나는 한복이 불편해서 한복 입는 것을 별로 좋아하지 않는다.,I don't like to wear hanbok very much because it's uncomfortable.
이 한자는 무슨 뜻이에요?,What do these Chinese characters mean?
할머니가 어젯밤 돌아가셨어요.,My grandmother passed away last night.
할아버지는 병원에 계세요. ,My grandfather is in the hospital.
함께 일하게 되어서 기뻐요. ,I'm glad that we'll be working together.
그 사람 전화는 왜 항상 통화중이야?,Why is her line always busy?
해가 바뀌어도 변함없이 해는 뜬다.,The sun rises the same though a new year begins.
핸드폰으로 인터넷 검색을 할 수 있어요.,You can do internet searches by cellphone.
이제 햄버거 지겨워!,Now I'm sick of hamburgers.
그녀가 행복하면 나도 행복하다. ,"As long as she is fine, I'm happy."
나는 허리가 길고 다리가 짧다.,I have a long torso and short legs.
현재 어떤 일을 하고 계세요? ,What do you do for a living now?
우리 형은 아버지처럼 행동해.,My older brother acts as if he were my father.
호주의 계절은 한국하고 정반대야.,The seasons in Australia are opposite to those in Korea.
"실례지만, 한국 호텔이 어딘지 아세요?","Excuse me, can you tell me where the Hotel Hanguk is?"
혼자 여행하고 있어요.,I'm traveling alone.
아직도 나한테 화가 나 있니?,Are you still angry with me?
화장실에 사람이 있어요. ,There's someone in the bathroom.
예약 확인해야 해.,You should confirm the reservation.
의사 선생님은 지금 다른 환자를 보고 계세요.,The doctor is with another patient right now.
회사를 그만둔다고요?,You're quitting the company?
회의가 언제 끝날 것 같아요? ,When do you expect the meeting to finish?
10분 후에 다시 전화할게.,I'll call you back ten minutes later.
그 뮤지컬 공연은 훌륭했다.,The musical performance was excellent.
니 애인 생각보다 훨씬 더 예쁘더라.,Your girlfriend looked much more beautiful than I had expected.
올해 추석에는 휴일이 며칠이에요?,How many holidays do you have on Chusok?
휴지로 코를 풀어라.,Blow your nose with a piece of tissue.
휴지는 휴지통에 버리세요. ,Put your wastepaper into the waste basket.
우리 집 근처에 작은 강이 흘러요.,A small river flows near my house.
흰색이 니 까만 피부랑 잘 어울려.,White goes with your dark skin tones.
오늘은 테니스 칠 힘이 없어.,I don't have the energy to play tennis today.
요즘은 취직하기가 너무 힘들어. ,It's so hard to get a job these days.
